0,1,2,3,4,5,6,7,8,9,10,11
glad,motion,region,likely,sometime,fill,ear,food,fourth,talk,information,oldest
camp,end,original,solid,owner,stood,better,example,pot,settlers,nervous,liquid
friend,serve,variety,these,hospital,stretch,especially,older,date,course,round,window
burn,vertical,anyway,somewhere,simplest,rhyme,certain,while,little,cotton,develop,blood
also,football,although,grade,claws,grown,sang,myself,monkey,forty,frame,skin
difficulty,cotton,boat,left,enter,test,toy,smallest,diameter,toy,extra,higher
easy,means,energy,count,already,dress,somewhere,shadow,bee,noise,remarkable,leaving
we,problem,policeman,flew,coat,wrote,quietly,principal,condition,whose,roof,straight
atmosphere,distance,relationship,collect,noun,magic,aid,everyone,between,reason,save,brought
percent,largest,mood,smell,thou,quarter,animal,chance,before,mistake,gentle,rapidly
driving,speak,trace,why,jump,agree,mile,additional,stranger,aware,off,fought
aboard,seems,never,definition,fastened,worry,upper,wonderful,rice,highway,rabbit,hall
come,unusual,muscle,gate,replied,appearance,ought,everything,meant,supper,position,television
railroad,shut,thousand,funny,contrast,clothes,fall,port,unusual,choice,worried,shorter
drawn,fourth,wore,fun,orbit,how,pack,adult,handle,region,excited,opposite
husband,waste,variety,news,snow,furniture,total,contrast,stood,fifty,suit,whispered
bus,establish,whose,knowledge,thirty,pen,rich,beginning,longer,our,major,fear
skin,knife,bit,report,yesterday,sea,careful,does,class,depend,steam,they
close,root,loud,refer,member,drink,earth,forth,biggest,scene,foot,coat
equipment,image,brought,pilot,mark,wool,town,basis,evening,upper,bone,lesson
individual,fun,front,diagram,garden,mysterious,about,to,captain,location,help,time
goes,century,except,greatest,riding,atmosphere,have,realize,together,industry,present,minerals
article,foot,should,refused,declared,say,anyway,gulf,swing,hat,thin,help
accident,path,mountain,if,measure,diagram,are,learn,belong,child,flies,well
tribe,choose,missing,person,ate,difficulty,fish,detail,market,bank,history,environment
passage,living,except,group,year,cross,then,height,sad,how,chair,policeman
run,orbit,anywhere,waste,excellent,written,club,storm,settlers,should,pink,separate
compare,sugar,environment,mail,private,own,engine,library,partly,donkey,national,cost
function,fuel,dish,factory,why,rose,nose,excellent,bush,wait,desert,fight
closer,cook,disease,figure,mad,community,since,tall,shore,sudden,sent,reason
mysterious,connected,team,chosen,strength,fighting,storm,work,gasoline,child,any,surface
meet,guide,score,perfect,scientific,mean,importance,sat,chicken,lying,ear,gently
own,account,including,soon,smooth,build,system,past,sometime,broke,tank,cold
strong,rise,second,queen,take,sang,partly,lead,swam,experience,weight,simply
arrange,government,field,using,caught,coffee,forward,page,advice,dropped,molecular,found
image,trail,sang,nose,across,bar,stiff,upper,struggle,minerals,allow,history
step,wish,lower,surprise,religious,both,route,try,review,everyone,yard,imagine
repeat,instant,aware,probably,terrible,sale,brass,wrote,anything,aware,design,type
entirely,gave,last,pony,scale,plural,frequently,seldom,greatly,arrange,model,low
ancient,who,tool,themselves,else,shadow,affect,tax,eight,pan,square,purpose
buried,cotton,unhappy,another,thus,even,spoken,exercise,experiment,lungs,stuck,cost
student,beautiful,fallen,nobody,label,include,hole,percent,refer,ranch,lake,coach
which,climb,brick,prepare,development,feel,worse,count,actual,meant,may,fought
soon,knowledge,especially,ship,not,brave,again,imagine,individual,bar,rest,best
yet,broken,health,fireplace,adventure,year,frog,area,poem,greater,examine,second
two,not,ocean,quietly,cool,plural,ready,speed,swung,tape,before,know
hello,sight,essential,work,tone,death,handle,prize,party,blew,third,above
cookies,come,brick,long,primitive,ruler,newspaper,officer,figure,child,function,jar
else,sure,any,planet,nothing,sheep,eventually,variety,salmon,equally,bear,limited
itself,same,universe,free,control,state,industry,jack,from,ever,industry,scared
raw,pattern,command,hello,guess,point,browserling,caught,grow,people,while,correctly
pleasant,living,comfortable,row,other,finger,come,practice,someone,board,safety,trail
go,chemical,start,fought,larger,finest,traffic,tube,worth,bowl,away,hit
whole,label,new,main,orange,writer,tide,experience,baseball,shorter,sail,why
smile,suggest,excellent,silence,handle,bell,plane,court,saved,thrown,chest,hole
finger,signal,seat,possibly,subject,nose,vast,mountain,mother,roll,voice,accident
sight,yard,effort,recall,remain,dull,spring,speak,on,sat,claws,cookies
circle,corner,porch,lonely,move,stiff,relationship,deer,birds,satisfied,obtain,death
stone,speak,lack,verb,needle,trip,doubt,throw,got,would,safety,agree
jar,native,soft,cave,read,waste,frighten,constantly,month,riding,off,direct
want,question,done,how,line,rear,get,nuts,bad,unknown,typical,begun
same,tie,nature,tree,chemical,join,escape,verb,importance,desk,has,eleven
sleep,built,factory,wise,wet,grass,wear,before,product,tower,news,object
principal,constantly,plant,vessels,pan,year,open,lonely,fought,tape,studied,skill
peace,free,wife,second,hill,farther,inside,heart,rising,bee,course,extra
troops,why,while,group,another,shorter,income,before,mix,hundred,wrong,farther
against,pocket,negative,brave,book,compare,sides,port,object,fur,adjective,express
potatoes,support,today,mass,later,club,poetry,came,wheat,business,whistle,picture
plates,stepped,equal,bigger,handsome,audience,figure,ear,probably,connected,pole,scene
alive,sale,chamber,change,flower,cross,any,shown,breeze,wrong,fine,dead
clear,bottom,can,practice,aboard,screen,goose,taught,me,way,class,friendly
north,doll,fallen,fewer,lying,captured,visit,cake,farm,thing,deer,due
are,row,human,pick,spoken,under,charge,create,prize,metal,wooden,color
recent,later,spider,piece,salt,function,religious,is,spoken,limited,must,burn
trip,trip,occasionally,strong,solve,carbon,one,sign,paint,nor,shore,ought
develop,phrase,temperature,number,gift,morning,two,its,plates,essential,definition,rising
triangle,brought,bring,fill,against,syllable,real,leg,fort,necessary,control,poem
exchange,positive,dropped,broad,out,dog,mixture,thick,badly,thus,horn,soon
character,ago,plane,helpful,hold,stage,plate,dug,supper,chart,pink,bite
afraid,route,doing,victory,roll,possibly,visitor,done,globe,instant,thing,tax
hungry,government,anyway,muscle,partly,home,path,cow,mood,into,desert,honor
tail,plan,cave,anything,rapidly,lead,either,dug,fifteen,hearing,process,find
took,audience,smallest,cool,before,swam,with,corn,quietly,therefore,machine,silk
distant,minute,shown,fellow,missing,scientific,grow,we,excitement,silent,someone,increase
rapidly,simply,selection,lie,accept,luck,movie,difficult,movie,rear,able,ago
flow,ride,save,production,person,sets,point,stomach,desk,measure,wherever,joined
possible,oldest,complex,canal,flat,apple,gravity,wash,send,piece,unless,paint
anyone,beginning,height,rear,kitchen,steady,with,common,favorite,nose,select,consonant
ants,imagine,did,apart,greatest,burn,lay,soil,minute,has,physical,habit
stopped,dry,sport,charge,wolf,harder,spider,doing,complete,sat,box,among
knew,saddle,east,national,soldier,him,inch,article,mouse,notice,whistle,alike
purple,enough,minute,fence,environment,with,raw,society,ground,ground,pressure,girl
characteristic,disease,wonderful,line,letter,fix,food,president,suddenly,arm,hard,mind
well,battle,its,nearly,dear,adult,stood,place,wheel,object,nearest,one
against,discover,familiar,writer,paint,alike,before,dog,sister,smaller,barn,children
leaving,mine,court,result,pony,monkey,steep,happen,faster,product,point,storm
planned,nose,trick,do,recall,creature,pride,dream,medicine,doing,angry,please
wrote,park,spent,paid,establish,police,tonight,product,baby,chose,caught,include
addition,rocket,surface,bone,including,began,immediately,member,town,saved,fruit,rocky
flower,fix,world,your,slightly,printed,foot,particular,entirely,thin,shout,church
stranger,circus,bone,will,fellow,calm,doctor,afternoon,at,whole,master,loss
numeral,huge,perfectly,tiny,struck,cattle,rain,saw,bag,some,rough,let
pain,test,husband,tea,doubt,addition,complete,bee,too,quietly,people,brief
greater,lovely,progress,neighborhood,population,stranger,job,notice,eleven,calm,sugar,carbon
given,trail,pink,particles,soldier,coast,production,yellow,brought,seeing,chicken,want
long,border,pull,leave,wet,globe,may,mistake,garden,primitive,can,drive
silly,gift,ten,fish,butter,customs,suit,space,alone,soft,only,then
crowd,substance,bark,donkey,brother,small,football,bound,yesterday,slight,too,hunt
customs,finger,transportation,differ,taste,dollar,willing,real,dozen,art,vertical,forgot
beneath,neck,country,yourself,yet,unusual,rate,hot,blind,company,smaller,industrial
pan,ability,long,various,pen,group,honor,foreign,negative,image,tell,vapor
enough,use,draw,lovely,environment,water,indeed,tip,feet,wherever,back,here
our,common,lying,shoulder,thought,felt,term,four,planned,long,pine,milk
load,dog,help,month,exclaimed,community,as,got,iron,knew,but,laid
soil,student,brought,wore,castle,shelf,rubber,onto,member,fellow,railroad,tomorrow
particles,extra,till,business,metal,after,bright,instead,strength,luck,mistake,appropriate
fun,purpose,hole,cent,none,sweet,alone,electricity,spend,place,number,element
world,divide,worried,mix,cell,dozen,garden,easier,longer,horse,twelve,congress
such,bend,public,duty,became,neighbor,atomic,public,return,type,do,mice
pour,sold,citizen,state,sing,follow,piece,trouble,knowledge,differ,noon,work
upward,favorite,report,dirty,behind,made,mix,if,inside,little,official,anyway
mind,grass,vowel,aid,train,floating,fresh,force,planning,tank,divide,light
engine,instance,huge,plan,flag,children,alphabet,condition,cut,jet,iron,all
straw,better,acres,anything,say,am,national,review,table,population,see,move
past,grew,whispered,monkey,corner,shake,vegetable,twenty,transportation,brain,sand,population
morning,especially,thus,rose,fellow,getting,happened,national,flight,sat,smile,band
nearby,middle,baseball,rocky,mine,young,solid,nobody,tall,weak,pattern,about
captured,is,job,nice,peace,bell,ship,class,heading,fourth,dried,officer
bite,passage,aboard,eventually,properly,cake,aloud,softly,affect,nearer,eat,from
shoot,unit,science,men,friendly,closer,customs,pattern,tent,rays,flew,train
allow,any,pair,eventually,build,dark,relationship,group,someone,north,lie,contrast
aboard,information,also,inch,simply,telephone,wheat,helpful,street,whom,felt,stems
gone,motion,town,cost,come,how,table,baby,bush,quite,occur,section
die,original,low,here,driving,essential,letter,bag,only,danger,mood,pie
search,vertical,thought,he,heard,ball,discuss,cool,move,make,direction,straight
though,doing,different,begun,movement,image,route,dropped,take,fellow,prevent,religious
fruit,corner,told,wet,lack,triangle,army,surface,cabin,rise,equal,discuss
ran,danger,course,fly,bee,mad,gravity,bowl,push,shelter,blew,pair
ancient,drive,happened,political,alone,me,station,massage,dirt,position,certain,crowd
younger,farther,fed,hidden,making,owner,dried,wore,space,settlers,health,longer
think,willing,lift,scientist,means,excitement,try,must,army,driving,late,point
now,younger,pressure,score,tube,subject,frequently,fair,gasoline,list,yard,canal
daily,land,imagine,easily,season,rhythm,road,certain,fierce,ago,feet,pilot
independent,beautiful,labor,surface,appropriate,farmer,level,pattern,hold,chief,couple,variety
about,without,select,industrial,breath,pole,curious,close,mile,terrible,studying,tube
horse,first,constantly,tomorrow,depth,national,per,hide,cave,flies,suit,worse
doing,battle,massage,near,sun,farther,horn,speech,mean,price,select,seen
child,during,notice,mistake,friend,visit,consonant,kind,again,dropped,mission,cover
husband,copper,grandfather,two,made,hung,talk,fair,thrown,else,doubt,tears
forty,famous,possible,aside,nobody,notice,lake,lead,sing,built,except,around
language,enemy,tax,doing,interest,this,arrange,separate,outside,solve,fight,that